id,name,description
4f0216c6-4c62-4788-8e48-42cb304f68b4,Author 1,Description for author 1
0fa714d1-8499-4ea5-884f-f4b81a196c67,Author 2,Description for author 2
257842c5-e194-4cad-b073-c8c71112cb1a,Author 3,Description for author 3
9cba0e4c-7d1b-48c1-9ae6-35f39d9c2627,Author 4,Description for author 4
4384db56-911e-4a37-83b2-e06a64a42ca8,Author 5,Description for author 5
1e29966e-0189-4ee6-a366-a0d468093fb9,Author 6,Description for author 6
32e9a06f-7721-4d96-940e-6d1269f207ce,Author 7,Description for author 7
35a4ca95-4bb0-4d23-ae1d-0a6e8badddb5,Author 8,Description for author 8
6dd3bbd4-4808-49e5-8131-9ee0b47a18c2,Author 9,Description for author 9
0a63f3e3-4979-4c2b-a565-41747471e5dd,Author 10,Description for author 10
f3a8a5b8-3820-4252-bf27-feb74baf5748,Author 11,Description for author 11
7eba4572-473c-4dd2-acc6-5a7c017c2361,Author 12,Description for author 12
802ac338-7479-4f3c-9baf-d3ee054eab38,Author 13,Description for author 13
f07f8f48-bd27-40cf-89d4-6976c9b3f775,Author 14,Description for author 14
b320fb55-56eb-4c69-961d-84774b6a591a,Author 15,Description for author 15
6ae92718-d08d-43d8-a079-25ed87266ce7,Author 16,Description for author 16
5565b434-8ddd-4a44-98f0-d4c6f4e96c20,Author 17,Description for author 17
bd936779-0dbf-44c1-8b41-28c36b934684,Author 18,Description for author 18
0e64e80b-af13-417a-bc81-e5efe1e53009,Author 19,Description for author 19
f253d4b1-6cde-4b04-b90c-5509281bd3f3,Author 20,Description for author 20
ad83a9ba-9163-4b15-8857-c13c1041c276,Author 21,Description for author 21
0357b945-eba6-44b0-bb7e-681117186d03,Author 22,Description for author 22
8855f703-2a18-4e3f-8354-6a3c2174b108,Author 23,Description for author 23
4aa3156a-9e9c-4864-bb29-1bfac53895e8,Author 24,Description for author 24
7ca2e3f8-e103-4ab6-94af-63518b7f41ab,Author 25,Description for author 25
4f8181ac-7e7c-4428-a979-4cf21c7c3ce9,Author 26,Description for author 26
17dcb62c-343e-4779-b36b-d818ee89cb10,Author 27,Description for author 27
e6f084a5-0f03-4510-a6dc-c5422ef7605e,Author 28,Description for author 28
ee94d3c7-d46a-41e9-8380-8a754a8ce097,Author 29,Description for author 29
e074e8b0-28e8-4053-8bef-0783226e750f,Author 30,Description for author 30
dcb0dcf9-0e6b-4675-a74d-b20426d8274d,Author 31,Description for author 31
b8ec41f2-cb4d-4107-b6a8-2c22cbdd9399,Author 32,Description for author 32
6e0f10c6-2895-433a-83a7-9b3fae61c717,Author 33,Description for author 33
6f6cd63e-f100-4f27-9717-63c94d3d44c7,Author 34,Description for author 34
d84b21b4-63e8-46ac-827b-ec435be822c6,Author 35,Description for author 35
a59151ed-efa2-4e2a-9775-8ecc4d8016f9,Author 36,Description for author 36
72755201-0234-4927-941e-e29209c111cc,Author 37,Description for author 37
ff062a38-0a93-43ed-8cbf-33cc54a5564d,Author 38,Description for author 38
9f046169-6f5f-4aca-b4b1-e59b1d854fd1,Author 39,Description for author 39
d1e0e52b-dbcd-4582-88ed-1f359da4fef3,Author 40,Description for author 40
a6e10863-0626-4475-912a-a8d9517bd2fd,Author 41,Description for author 41
f56ae64a-d0fc-4377-8d16-6b8e408e355b,Author 42,Description for author 42
1be5ffcf-692c-4eb3-ab0d-714213ac2c97,Author 43,Description for author 43
e6982e32-d89c-49e3-8863-cd3505c4e2cd,Author 44,Description for author 44
4f7843e8-1226-4aff-a876-c6713e5dfcbd,Author 45,Description for author 45
4d6ab48b-19a9-4bab-9375-0f16141c7e9c,Author 46,Description for author 46
580973e6-164f-474e-885c-2c6191a03edc,Author 47,Description for author 47
635dba8f-b0d6-4181-97d2-f5b8fb179975,Author 48,Description for author 48
df2f67a5-f02f-43b6-b66b-3405c45fe88b,Author 49,Description for author 49
30129eba-4a5a-4f2e-b758-6902ee0faf36,Author 50,Description for author 50
